user,item
1,318
1,589
1,858
1,4993
1,2762
1,4306
1,7153
1,380
1,5952
1,344
2,356
2,296
2,593
2,2858
2,260
2,589
2,480
2,858
2,4993
2,1270
3,318
3,356
3,296
3,593
3,2858
3,260
3,589
3,480
3,858
3,1270
4,356
4,318
4,589
4,480
4,858
4,527
4,1270
4,4993
4,50
4,4306
5,356
5,593
5,2858
5,260
5,480
5,858
5,1270
5,4993
5,2762
5,4306
6,2858
6,260
6,858
6,1270
6,4993
6,2762
6,4306
6,1196
6,1198
6,1214
7,318
7,296
7,858
7,527
7,608
7,2571
7,1198
7,1214
7,2959
7,110
8,2858
8,260
8,589
8,858
8,4993
8,1270
8,2762
8,4306
8,608
8,1196
9,318
9,356
9,296
9,593
9,2858
9,260
9,589
9,480
9,858
9,2762
10,318
10,593
10,260
10,589
10,480
10,858
10,1270
10,527
10,50
10,1196
11,296
11,2858
11,260
11,858
11,4993
11,1270
11,2762
11,527
11,50
11,4306
12,318
12,356
12,296
12,593
12,2858
12,260
12,589
12,480
12,858
12,4993
13,318
13,356
13,296
13,593
13,2858
13,260
13,589
13,480
13,858
13,1270
14,2858
14,260
14,589
14,858
14,1270
14,4993
14,2762
14,50
14,4306
14,608
15,593
15,480
15,50
15,608
15,7153
15,110
15,380
15,1089
15,2628
15,344
16,589
16,480
16,1270
16,4306
16,110
16,380
16,1
16,2028
16,2628
16,344
17,4306
17,608
17,1214
17,380
17,2628
17,344
17,4886
17,3578
17,500
17,1580
18,2858
18,2628
18,150
18,1197
18,1200
18,316
18,2396
18,592
18,2716
18,736
19,318
19,296
19,593
19,858
19,4993
19,527
19,50
19,4306
19,608
19,110
20,318
20,356
20,296
20,2858
20,593
20,260
20,589
20,858
20,480
20,2762
21,318
21,593
21,527
21,50
21,608
21,110
21,380
21,2028
21,47
21,1089
22,296
22,2858
22,593
22,260
22,589
22,480
22,2762
22,1270
22,527
22,50
23,318
23,356
23,593
23,2858
23,260
23,589
23,480
23,4993
23,527
23,1270
24,2858
24,260
24,589
24,480
24,858
24,4993
24,2762
24,1270
24,527
24,4306
25,318
25,356
25,296
25,593
25,2858
25,589
25,480
25,858
25,1270
25,2762
26,318
26,2858
26,260
26,589
26,480
26,858
26,1270
26,4993
26,2762
26,527
27,318
27,296
27,593
27,2858
27,589
27,858
27,4993
27,527
27,2762
27,50
28,1270
28,4306
28,380
28,1
28,344
28,150
28,4886
28,500
28,588
28,4963
29,593
29,2858
29,260
29,589
29,480
29,4993
29,2762
29,527
29,4306
29,608
30,356
30,296
30,593
30,2858
30,480
30,858
30,1270
30,2762
30,527
30,50
31,318
31,356
31,296
31,2858
31,593
31,260
31,589
31,480
31,858
31,4993
32,356
32,2858
32,589
32,480
32,858
32,4993
32,1270
32,2762
32,4306
32,2571
33,2858
33,260
33,480
33,858
33,1270
33,4993
33,4306
33,1196
33,380
33,1198
34,296
34,2858
34,593
34,260
34,480
34,858
34,4993
34,1270
34,527
34,50
35,318
35,356
35,296
35,593
35,2858
35,260
35,589
35,480
35,858
35,1270
36,356
36,296
36,593
36,2858
36,260
36,589
36,480
36,858
36,1270
36,4993
37,2858
37,260
37,589
37,480
37,858
37,4993
37,1270
37,2762
37,527
37,50
38,2858
38,260
38,589
38,858
38,4993
38,2762
38,1270
38,608
38,4306
38,1196
39,318
39,356
39,480
39,4993
39,527
39,4306
39,2959
39,110
39,7153
39,5952
40,356
40,593
40,2858
40,260
40,589
40,480
40,858
40,527
40,1270
40,4993
41,318
41,260
41,589
41,480
41,4993
41,858
41,2762
41,1270
41,527
41,1196
42,2858
42,589
42,480
42,4993
42,2762
42,608
42,4306
42,1198
42,1214
42,1
43,593
43,2858
43,260
43,858
43,1270
43,527
43,4993
43,2762
43,50
43,4306
44,318
44,356
44,296
44,593
44,2858
44,589
44,480
44,858
44,1270
44,4993
45,318
45,527
45,608
45,1214
45,7153
45,5952
45,47
45,1089
45,4226
45,1200
46,356
46,296
46,2858
46,260
46,589
46,480
46,858
46,4993
46,1270
46,2762
47,296
47,2858
47,260
47,589
47,480
47,858
47,1270
47,4993
47,527
47,50
48,318
48,356
48,296
48,593
48,2858
48,260
48,589
48,480
48,858
48,4993
49,296
49,593
49,2858
49,260
49,589
49,480
49,858
49,4993
49,1270
49,2762
50,2858
50,260
50,589
50,480
50,4993
50,2762
50,1270
50,527
50,50
50,1196
51,318
51,356
51,296
51,2858
51,480
51,1270
51,4993
51,50
51,4306
51,608
52,296
52,2858
52,593
52,589
52,480
52,4993
52,858
52,2762
52,1270
52,527
53,318
53,356
53,296
53,593
53,2858
53,260
53,589
53,480
53,858
53,4993
54,2858
54,260
54,858
54,4993
54,1270
54,2762
54,527
54,4306
54,608
54,1196
55,318
55,356
55,296
55,593
55,2858
55,260
55,589
55,480
55,858
55,4993
56,2858
56,260
56,858
56,4993
56,1270
56,2762
56,527
56,50
56,4306
56,608
57,318
57,4993
57,4306
57,1214
57,7153
57,2959
57,5952
57,47
57,1089
57,344
58,593
58,2858
58,260
58,858
58,1270
58,4993
58,2762
58,608
58,4306
58,1196
59,318
59,356
59,296
59,2858
59,4993
59,1270
59,2762
59,50
59,4306
59,1198
60,356
60,296
60,593
60,2858
60,260
60,589
60,480
60,4993
60,1270
60,2762
61,356
61,296
61,2858
61,260
61,589
61,480
61,858
61,1270
61,2762
61,527
62,2858
62,589
62,480
62,50
62,608
62,1214
62,380
62,1
62,780
62,150
63,593
63,2762
63,380
63,2628
63,1197
63,1240
63,6377
63,457
63,2396
63,4973
64,1270
64,1198
64,380
64,2628
64,150
64,3578
64,1200
64,648
64,4963
64,457
65,356
65,296
65,593
65,2858
65,260
65,589
65,480
65,858
65,1270
65,2762
66,858
66,527
66,344
66,150
66,500
66,1580
66,588
66,648
66,4963
66,1193
67,593
67,260
67,480
67,858
67,527
67,2762
67,50
67,608
67,1196
67,1198
68,32
68,1080
68,111
68,750
68,1356
68,1259
68,778
68,161
68,288
68,329
69,2858
69,480
69,858
69,4993
69,1270
69,527
69,4306
69,608
69,1198
69,380
70,296
70,593
70,260
70,589
70,480
70,4993
70,2762
70,50
70,608
70,1196
71,318
71,356
71,296
71,593
71,2858
71,480
71,858
71,1270
71,4993
71,527
72,480
72,4993
72,2762
72,4306
72,608
72,1214
72,380
72,7153
72,2959
72,5952
73,318
73,356
73,296
73,593
73,589
73,4993
73,480
73,858
73,2762
73,1270
74,318
74,356
74,593
74,260
74,589
74,480
74,4993
74,1270
74,527
74,2762
75,318
75,356
75,296
75,593
75,2858
75,480
75,858
75,527
75,1270
75,2762
76,4993
76,1270
76,527
76,4306
76,50
76,1198
76,110
76,380
76,2028
76,344
77,318
77,356
77,296
77,593
77,2858
77,589
77,480
77,858
77,1270
77,2762
78,2858
78,858
78,4993
78,2762
78,527
78,50
78,4306
78,1196
78,1214
78,110
79,318
79,356
79,296
79,593
79,2858
79,1270
79,4993
79,527
79,2762
79,50
80,356
80,296
80,2858
80,260
80,589
80,480
80,4993
80,1270
80,2762
80,527
81,593
81,2858
81,260
81,858
81,4993
81,1270
81,2762
81,527
81,50
81,4306
82,318
82,296
82,2858
82,593
82,2762
82,527
82,50
82,608
82,2959
82,5952
83,296
83,593
83,260
83,589
83,858
83,527
83,50
83,1196
83,608
83,2571
84,2858
84,589
84,4993
84,2762
84,4306
84,2571
84,110
84,1
84,7153
84,47
85,318
85,356
85,296
85,593
85,2858
85,260
85,589
85,480
85,858
85,1270
86,296
86,593
86,589
86,858
86,1270
86,527
86,50
86,608
86,1198
86,1214
87,318
87,356
87,296
87,593
87,2858
87,260
87,589
87,480
87,858
87,4993
88,356
88,296
88,593
88,2858
88,260
88,589
88,480
88,858
88,2762
88,1270
89,318
89,296
89,593
89,2858
89,260
89,589
89,480
89,858
89,4993
89,2762
90,318
90,356
90,296
90,593
90,2858
90,589
90,480
90,858
90,1270
90,527
91,2858
91,527
91,6377
91,4995
91,7361
91,1732
91,4973
91,5816
91,2324
91,34
92,318
92,356
92,296
92,593
92,2858
92,260
92,589
92,480
92,858
92,4993
93,296
93,2858
93,589
93,858
93,4993
93,2762
93,1270
93,50
93,4306
93,608
94,2858
94,260
94,858
94,4993
94,2762
94,1270
94,527
94,50
94,4306
94,608
95,318
95,356
95,296
95,593
95,2858
95,858
95,4993
95,2762
95,527
95,50
96,318
96,356
96,593
96,4993
96,2762
96,1270
96,4306
96,608
96,1196
96,7153
97,318
97,356
97,296
97,2858
97,260
97,589
97,480
97,1270
97,2762
97,527
98,318
98,296
98,2858
98,260
98,589
98,480
98,4993
98,2762
98,527
98,50
99,356
99,593
99,2858
99,260
99,589
99,480
99,858
99,1270
99,4993
99,527
100,318
100,593
100,2858
100,260
100,589
100,480
100,858
100,527
100,4993
100,2762
101,318
101,356
101,296
101,593
101,260
101,589
101,480
101,858
101,4993
101,1270
102,2858
102,260
102,858
102,4993
102,1270
102,527
102,2762
102,50
102,4306
102,608
103,2858
103,589
103,2762
103,1270
103,1214
103,380
103,47
103,780
103,500
103,3578
104,318
104,296
104,593
104,2858
104,589
104,480
104,2762
104,50
104,1196
104,2571
105,480
105,1270
105,1196
105,380
105,1
105,2628
105,344
105,1210
105,780
105,150
106,356
106,296
106,593
106,2858
106,260
106,589
106,480
106,858
106,1270
106,2762
107,356
107,593
107,2858
107,260
107,589
107,480
107,858
107,4993
107,1270
107,2762
108,318
108,356
108,296
108,593
108,2858
108,260
108,589
108,858
108,527
108,2762
109,2858
109,260
109,858
109,1270
109,4993
109,2762
109,608
109,4306
109,1196
109,1198
110,318
110,356
110,593
110,260
110,589
110,480
110,858
110,4993
110,1270
110,50
111,296
111,260
111,589
111,4993
111,858
111,2762
111,1270
111,527
111,50
111,1196
112,318
112,296
112,2858
112,589
112,858
112,2762
112,527
112,4306
112,608
112,1214
113,318
113,296
113,589
113,480
113,527
113,1270
113,4993
113,50
113,2762
113,608
114,318
114,356
114,296
114,2858
114,589
114,480
114,858
114,4993
114,1270
114,2762
115,318
115,356
115,858
115,4993
115,1270
115,527
115,50
115,4306
115,608
115,1214
116,318
116,296
116,2858
116,260
116,4993
116,2762
116,4306
116,608
116,50
116,1196
117,2858
117,260
117,858
117,1270
117,4993
117,2762
117,4306
117,1196
117,1198
117,2571
118,318
118,356
118,593
118,2858
118,260
118,589
118,480
118,4993
118,1270
118,2762
119,2858
119,593
119,260
119,589
119,480
119,858
119,2762
119,527
119,50
119,1196
120,318
120,356
120,296
120,593
120,2858
120,589
120,480
120,1270
120,4993
120,527
121,593
121,2858
121,260
121,589
121,480
121,858
121,4993
121,1270
121,2762
121,50
122,2858
122,4993
122,527
122,4306
122,1198
122,5952
122,7153
122,110
122,380
122,1
123,356
123,589
123,480
123,858
123,2762
123,1270
123,527
123,4306
123,50
123,608
124,589
124,858
124,4993
124,2762
124,1270
124,527
124,4306
124,2571
124,1198
124,1214
125,260
125,480
125,4993
125,2762
125,527
125,4306
125,50
125,1196
125,1198
125,1214
126,2858
126,260
126,858
126,4993
126,1270
126,2762
126,527
126,50
126,4306
126,608
127,318
127,356
127,296
127,593
127,2858
127,260
127,589
127,480
127,858
127,4993
128,318
128,356
128,296
128,2858
128,589
128,480
128,858
128,1270
128,4993
128,527
129,318
129,356
129,296
129,593
129,589
129,858
129,2762
129,1270
129,527
129,608
130,356
130,593
130,2858
130,260
130,589
130,480
130,858
130,4993
130,1270
130,2762
131,589
131,480
131,2762
131,1270
131,527
131,4306
131,1198
131,2959
131,380
131,1
132,589
132,480
132,2762
132,527
132,608
132,1198
132,110
132,1214
132,380
132,2028
133,2858
133,260
133,858
133,4993
133,1270
133,2762
133,4306
133,608
133,1196
133,1198
134,318
134,356
134,2858
134,260
134,589
134,480
134,858
134,1270
134,4993
134,527
135,356
135,1270
135,50
135,7153
135,5952
135,1089
135,344
135,150
135,500
135,4886
136,318
136,356
136,2858
136,260
136,589
136,858
136,480
136,1270
136,527
136,4993
137,2858
137,50
137,380
137,47
137,1089
137,344
137,4886
137,500
137,4226
137,1213
138,318
138,356
138,296
138,593
138,2858
138,260
138,589
138,480
138,858
138,1270
139,318
139,356
139,296
139,2858
139,593
139,589
139,480
139,858
139,2762
139,1270
140,589
140,2762
140,2959
140,344
140,1197
140,1136
140,316
140,2396
140,32
140,592
141,2858
141,593
141,589
141,2762
141,527
141,608
141,50
141,1214
141,380
141,1089
142,318
142,2858
142,260
142,858
142,1270
142,4993
142,2762
142,4306
142,608
142,1196
143,318
143,296
143,593
143,2858
143,260
143,589
143,480
143,858
143,4993
143,1270
144,318
144,260
144,858
144,1270
144,50
144,608
144,1196
144,1198
144,1089
144,2628
145,356
145,593
145,2858
145,260
145,589
145,480
145,858
145,4993
145,1270
145,527
146,318
146,356
146,296
146,593
146,2858
146,260
146,589
146,480
146,858
146,4993
147,318
147,356
147,296
147,593
147,2858
147,260
147,589
147,480
147,858
147,1270
148,318
148,296
148,593
148,2858
148,260
148,589
148,480
148,858
148,1270
148,2762
149,318
149,356
149,296
149,2858
149,593
149,858
149,4993
149,2762
149,527
149,4306
150,318
150,356
150,296
150,593
150,2858
150,260
150,589
150,480
150,858
150,4993
151,318
151,356
151,296
151,593
151,2858
151,260
151,589
151,480
151,858
151,4993
152,356
152,589
152,480
152,4993
152,1270
152,2762
152,4306
152,1196
152,1214
152,380
153,318
153,593
153,260
153,589
153,480
153,4993
153,2762
153,1270
153,50
153,608
154,318
154,296
154,593
154,2858
154,260
154,589
154,480
154,858
154,4993
154,1270
155,318
155,356
155,296
155,593
155,2858
155,589
155,480
155,858
155,4993
155,1270
156,589
156,527
156,4993
156,2762
156,4306
156,1196
156,110
156,380
156,1214
156,7153
157,318
157,356
157,296
157,593
157,2858
157,260
157,589
157,480
157,858
157,4993
158,318
158,356
158,296
158,593
158,2858
158,260
158,589
158,480
158,858
158,1270
159,593
159,260
159,589
159,858
159,4993
159,2762
159,1270
159,527
159,50
159,1196
160,318
160,380
160,1089
160,344
160,1197
160,500
160,4886
160,4226
160,1136
160,1193
161,356
161,296
161,593
161,2858
161,260
161,589
161,480
161,858
161,4993
161,1270
162,593
162,2858
162,260
162,589
162,480
162,858
162,1270
162,4993
162,2762
162,4306
163,318
163,356
163,296
163,593
163,2858
163,260
163,589
163,480
163,858
163,4993
164,318
164,356
164,296
164,593
164,2858
164,260
164,858
164,4993
164,1270
164,2762
165,318
165,356
165,296
165,593
165,2858
165,260
165,589
165,4993
165,1270
165,2762
166,589
166,480
166,1270
166,110
166,380
166,344
166,780
166,150
166,1213
166,500
167,589
167,858
167,527
167,1270
167,50
167,2571
167,2959
167,380
167,47
167,1089
168,318
168,593
168,260
168,589
168,480
168,4993
168,527
168,1270
168,2762
168,50
169,296
169,593
169,2858
169,260
169,589
169,858
169,50
169,608
169,1196
169,1198
170,2858
170,260
170,589
170,858
170,1270
170,4993
170,527
170,2762
170,50
170,4306
171,356
171,2858
171,589
171,480
171,4993
171,2762
171,527
171,50
171,4306
171,2571
172,318
172,356
172,296
172,2858
172,260
172,589
172,480
172,858
172,4993
172,50
173,318
173,593
173,2858
173,260
173,858
173,4993
173,1270
173,2762
173,50
173,4306
174,318
174,593
174,2858
174,260
174,858
174,4993
174,2762
174,1270
174,608
174,4306
175,318
175,356
175,296
175,593
175,2858
175,260
175,589
175,480
175,858
175,1270
176,356
176,2858
176,260
176,480
176,858
176,4993
176,1270
176,527
176,2762
176,50
177,589
177,2762
177,110
177,2028
177,3578
177,4226
177,1200
177,1240
177,457
177,316
178,260
178,858
178,2762
178,4306
178,1196
178,1214
178,2628
178,1089
178,344
178,1210
179,2858
179,260
179,858
179,4993
179,1270
179,527
179,2762
179,50
179,4306
179,1196
180,318
180,356
180,296
180,593
180,2858
180,589
180,480
180,858
180,1270
180,2762
181,318
181,2858
181,260
181,589
181,858
181,1270
181,527
181,4993
181,2762
181,50
182,344
182,500
182,588
182,364
182,6377
182,367
182,34
182,736
182,2716
182,2324
183,318
183,356
183,296
183,593
183,2858
183,260
183,1270
183,4993
183,527
183,2762
184,318
184,356
184,296
184,593
184,2858
184,260
184,589
184,480
184,858
184,4993
185,318
185,356
185,296
185,593
185,2858
185,260
185,589
185,480
185,858
185,4993
186,318
186,356
186,296
186,2858
186,858
186,1270
186,2762
186,527
186,50
186,608
187,589
187,480
187,858
187,2762
187,1270
187,4306
187,1
187,2028
187,344
187,150
188,318
188,296
188,593
188,260
188,589
188,480
188,858
188,1270
188,527
188,4993
189,296
189,2858
189,260
189,589
189,480
189,858
189,1270
189,50
189,4306
189,1196
190,356
190,296
190,2858
190,593
190,260
190,589
190,480
190,4993
190,2762
190,1270
191,356
191,593
191,2858
191,260
191,589
191,480
191,858
191,1270
191,527
191,4993
192,318
192,2858
192,260
192,589
192,858
192,1270
192,4993
192,527
192,2762
192,50
193,589
193,4993
193,2762
193,50
193,4306
193,608
193,2571
193,380
193,1214
193,110
194,318
194,356
194,296
194,593
194,2858
194,260
194,589
194,480
194,858
194,4993
195,356
195,593
195,480
195,858
195,4993
195,1198
195,1214
195,110
195,7153
195,380
196,318
196,356
196,296
196,593
196,2858
196,260
196,589
196,480
196,858
196,4993
197,593
197,2858
197,260
197,480
197,4993
197,1270
197,527
197,2762
197,4306
197,608
198,858
198,527
198,4306
198,7153
198,380
198,5952
198,1
198,150
198,500
198,1036
199,480
199,4993
199,1270
199,4306
199,110
199,7153
199,2959
199,5952
199,1
199,344
200,593
200,589
200,858
200,2762
200,527
200,608
200,50
200,380
200,2028
200,1089
201,318
201,858
201,4993
201,527
201,4306
201,50
201,608
201,2571
201,110
201,2959
202,527
202,4993
202,4306
202,380
202,7153
202,5952
202,47
202,344
202,3578
202,500
203,356
203,593
203,2858
203,260
203,589
203,480
203,858
203,2762
203,1270
203,527
204,318
204,356
204,260
204,589
204,480
204,1270
204,2762
204,50
204,608
204,1196
205,318
205,296
205,593
205,2858
205,589
205,480
205,858
205,4993
205,1270
205,2762
206,318
206,356
206,296
206,593
206,2858
206,260
206,589
206,480
206,858
206,4993
207,318
207,356
207,296
207,593
207,260
207,589
207,480
207,858
207,4993
207,1270
208,318
208,356
208,296
208,593
208,2858
208,260
208,480
208,858
208,4993
208,1270
209,296
209,260
209,589
209,480
209,858
209,1270
209,527
209,50
209,4306
209,608
210,318
210,356
210,2858
210,593
210,480
210,858
210,2762
210,527
210,50
210,608
211,593
211,589
211,480
211,4993
211,2762
211,1270
211,527
211,4306
211,608
211,1214
212,858
212,2762
212,1270
212,527
212,50
212,1214
212,110
212,380
212,1
212,47
213,318
213,356
213,296
213,593
213,2858
213,260
213,480
213,1270
213,2762
213,527
214,318
214,356
214,296
214,593
214,2858
214,260
214,589
214,480
214,858
214,4993
215,589
215,480
215,858
215,1270
215,4306
215,2571
215,1214
215,110
215,380
215,1
216,318
216,356
216,296
216,593
216,260
216,589
216,480
216,858
216,1270
216,527
217,318
217,593
217,2858
217,527
217,4993
217,4306
217,7153
217,5952
217,2959
217,150
218,318
218,356
218,296
218,593
218,2858
218,260
218,589
218,480
218,858
218,4993
219,356
219,527
219,1214
219,110
219,1200
219,1193
219,2396
219,1732
219,4973
219,590
220,2858
220,593
220,4993
220,527
220,1214
220,110
220,3578
220,500
220,1136
220,4963
221,260
221,4993
221,1270
221,1196
221,4306
221,110
221,380
221,7153
221,5952
221,1
222,318
222,2858
222,593
222,260
222,589
222,480
222,4306
222,1196
222,608
222,1214
223,356
223,2858
223,589
223,858
223,4993
223,1270
223,527
223,50
223,1196
223,1214
224,318
224,296
224,2858
224,589
224,480
224,4993
224,2762
224,50
224,4306
224,608
225,318
225,356
225,296
225,593
225,260
225,589
225,480
225,858
225,4993
225,2762
226,318
226,593
226,858
226,2762
226,527
226,50
226,1214
226,110
226,380
226,2028
227,2858
227,480
227,4993
227,2762
227,1270
227,4306
227,50
227,608
227,1198
227,1214
228,356
228,296
228,593
228,2858
228,589
228,480
228,4993
228,1270
228,2762
228,527
229,2858
229,260
229,858
229,4993
229,1270
229,2762
229,50
229,4306
229,608
229,1196
230,356
230,296
230,2858
230,260
230,480
230,858
230,4993
230,1270
230,4306
230,608
231,318
231,356
231,480
231,4993
231,2762
231,50
231,4306
231,608
231,380
231,110
232,2858
232,593
232,50
232,608
232,1214
232,380
232,344
232,1089
232,1213
232,1200
233,260
233,589
233,480
233,1270
233,1196
233,1198
233,1214
233,380
233,2628
233,344
234,318
234,356
234,296
234,593
234,2858
234,589
234,858
234,4993
234,1270
234,2762
235,2858
235,260
235,858
235,4993
235,1270
235,2762
235,50
235,4306
235,608
235,1196
236,318
236,356
236,296
236,593
236,260
236,589
236,480
236,858
236,4993
236,1270
237,296
237,593
237,260
237,589
237,480
237,858
237,4993
237,1270
237,2762
237,527
238,318
238,356
238,296
238,2858
238,260
238,589
238,480
238,1270
238,4993
238,527
239,2762
239,527
239,1270
239,344
239,150
239,4226
239,500
239,2396
239,1732
239,4973
240,593
240,2858
240,260
240,858
240,1270
240,4993
240,527
240,2762
240,50
240,4306
241,356
241,260
241,589
241,480
241,4993
241,1270
241,4306
241,1196
241,608
241,1198
242,356
242,2858
242,260
242,589
242,480
242,858
242,1270
242,4993
242,527
242,2762
243,318
243,296
243,593
243,2858
243,260
243,480
243,858
243,4993
243,1270
243,2762
244,318
244,296
244,2858
244,260
244,480
244,858
244,527
244,4993
244,2762
244,50
245,318
245,356
245,296
245,593
245,2858
245,260
245,589
245,480
245,1270
245,4993
246,318
246,2858
246,593
246,480
246,858
246,2762
246,1270
246,527
246,4306
246,608
247,1214
247,380
247,2628
247,344
247,780
247,500
247,1036
247,1200
247,1240
247,1580
248,318
248,356
248,296
248,593
248,2858
248,589
248,480
248,4993
248,858
248,1270
249,1197
249,1136
249,4995
249,316
249,2396
249,4973
249,2324
249,590
249,34
249,592
250,356
250,296
250,593
250,2858
250,260
250,589
250,480
250,858
250,4993
250,1270
251,2858
251,260
251,589
251,480
251,858
251,4993
251,1270
251,2762
251,50
251,4306
252,318
252,356
252,296
252,593
252,2858
252,260
252,589
252,480
252,4993
252,858
253,318
253,356
253,296
253,593
253,2858
253,260
253,589
253,480
253,858
253,4993
254,608
254,1198
254,2628
254,1197
254,500
254,1213
254,1036
254,1136
254,1240
254,588
255,318
255,356
255,296
255,593
255,260
255,589
255,480
255,858
255,4993
255,2762
256,356
256,296
256,2858
256,589
256,480
256,4993
256,858
256,2762
256,527
256,50
257,318
257,356
257,296
257,593
257,2858
257,260
257,589
257,480
257,858
257,4993
258,356
258,296
258,593
258,2858
258,260
258,589
258,480
258,858
258,4993
258,1270
259,318
259,356
259,296
259,593
259,2858
259,260
259,589
259,480
259,858
259,1270
260,318
260,356
260,593
260,2858
260,260
260,589
260,480
260,858
260,4993
260,1270
261,593
261,260
261,589
261,480
261,858
261,4993
261,2762
261,1270
261,527
261,4306
262,356
262,2858
262,589
262,480
262,858
262,1270
262,527
262,4993
262,2762
262,4306
263,260
263,589
263,480
263,858
263,2762
263,1270
263,608
263,50
263,1198
263,1214
264,318
264,296
264,593
264,2858
264,260
264,589
264,858
264,4993
264,1270
264,4306
265,356
265,296
265,858
265,4993
265,2762
265,527
265,50
265,4306
265,380
265,7153
266,318
266,593
266,2858
266,858
266,4993
266,2762
266,527
266,4306
266,1214
266,7153
267,318
267,356
267,296
267,858
267,4993
267,527
267,50
267,4306
267,608
267,1214
268,318
268,296
268,593
268,589
268,480
268,4993
268,1270
268,527
268,4306
268,608
269,318
269,356
269,296
269,593
269,2858
269,260
269,589
269,480
269,858
269,1270
270,318
270,356
270,296
270,593
270,2858
270,260
270,589
270,480
270,858
270,1270
271,318
271,356
271,296
271,593
271,260
271,589
271,480
271,858
271,4993
271,2762
272,356
272,296
272,593
272,2858
272,260
272,480
272,858
272,1270
272,2762
272,527
273,318
273,356
273,2858
273,260
273,858
273,1270
273,527
273,4993
273,2762
273,50
274,150
274,2396
274,4973
274,1097
274,357
274,597
274,1307
274,1784
274,3996
274,1617
275,589
275,2762
275,1196
275,7153
275,1214
275,380
275,110
275,47
275,2028
275,2628
276,318
276,296
276,593
276,2858
276,589
276,858
276,4993
276,527
276,2762
276,50
277,318
277,356
277,296
277,593
277,2858
277,589
277,480
277,858
277,4993
277,1270
278,356
278,296
278,593
278,2858
278,260
278,589
278,480
278,858
278,4993
278,1270
279,2762
279,527
279,4306
279,380
279,47
279,1089
279,2628
279,344
279,150
279,1197
280,318
280,296
280,593
280,2858
280,260
280,589
280,480
280,858
280,4993
280,527
281,318
281,356
281,296
281,593
281,260
281,589
281,480
281,858
281,4993
281,1270
282,4993
282,608
282,1196
282,1198
282,1214
282,7153
282,110
282,5952
282,380
282,47
283,296
283,2858
283,260
283,589
283,480
283,858
283,4993
283,1270
283,527
283,2762
284,593
284,2858
284,260
284,858
284,1270
284,2762
284,527
284,4993
284,50
284,4306
285,318
285,356
285,593
285,2858
285,260
285,589
285,480
285,4993
285,1270
285,527
286,318
286,2858
286,260
286,589
286,480
286,858
286,1270
286,608
286,1196
286,50
287,318
287,356
287,296
287,593
287,2858
287,260
287,589
287,480
287,858
287,1196
288,2858
288,858
288,50
288,1089
288,316
288,4973
288,2683
288,48516
288,208
288,79132
289,318
289,356
289,296
289,593
289,2858
289,260
289,589
289,480
289,858
289,4993
290,356
290,589
290,480
290,4993
290,4306
290,2571
290,380
290,110
290,7153
290,5952
291,318
291,356
291,296
291,593
291,2858
291,260
291,589
291,480
291,858
291,1270
292,2858
292,527
292,50
292,47
292,1089
292,150
292,1197
292,1213
292,4226
292,1200
293,318
293,356
293,296
293,2858
293,260
293,589
293,480
293,858
293,4993
293,1270
294,318
294,593
294,589
294,480
294,527
294,4993
294,2762
294,4306
294,380
294,1214
295,356
295,593
295,2858
295,260
295,589
295,480
295,4993
295,1270
295,2762
295,527
296,593
296,2858
296,260
296,589
296,480
296,858
296,1270
296,4993
296,2762
296,4306
297,318
297,356
297,296
297,2858
297,260
297,480
297,858
297,4993
297,1270
297,2762
298,593
298,2762
298,527
298,380
298,2028
298,150
298,500
298,588
298,648
298,1682
299,318
299,356
299,296
299,593
299,2858
299,260
299,589
299,480
299,858
299,4993
300,296
300,260
300,589
300,480
300,858
300,4993
300,1270
300,50
300,4306
300,608
301,318
301,593
301,260
301,858
301,4993
301,2762
301,1196
301,2571
301,1198
301,2959
302,318
302,356
302,593
302,2858
302,1270
302,527
302,4993
302,2762
302,50
302,4306
303,318
303,356
303,296
303,593
303,2858
303,858
303,4993
303,2762
303,527
303,50
304,858
304,4993
304,50
304,608
304,4306
304,7153
304,2959
304,5952
304,47
304,1089
305,4306
305,110
305,1
305,344
305,4886
305,150
305,6539
305,588
305,1580
305,3793
306,318
306,356
306,296
306,593
306,2858
306,260
306,589
306,4993
306,480
306,858
307,380
307,2028
307,1200
307,4963
307,316
307,2396
307,34
307,4973
307,2324
307,912
308,296
308,2858
308,593
308,480
308,1270
308,4306
308,608
308,1214
308,380
308,1
309,356
309,593
309,2858
309,260
309,589
309,480
309,858
309,1270
309,4306
309,1196
310,318
310,356
310,296
310,593
310,2858
310,260
310,589
310,480
310,858
310,4993
311,318
311,356
311,296
311,593
311,2858
311,260
311,480
311,858
311,4993
311,1270
312,318
312,296
312,593
312,2858
312,858
312,4993
312,1270
312,4306
312,50
312,1198
313,356
313,527
313,4306
313,110
313,7153
313,5952
313,1
313,344
313,150
313,4886
314,2858
314,858
314,1270
314,4993
314,2762
314,608
314,4306
314,1196
314,1198
314,2571
315,318
315,356
315,296
315,593
315,2858
315,260
315,589
315,480
315,858
315,1270
316,318
316,356
316,296
316,593
316,260
316,589
316,480
316,858
316,4993
316,2762
317,480
317,4993
317,1270
317,527
317,1196
317,1198
317,1214
317,5952
317,7153
317,380
318,589
318,858
318,2762
318,50
318,1198
318,1214
318,380
318,2959
318,110
318,1
319,296
319,2858
319,593
319,260
319,589
319,480
319,4993
319,2762
319,1270
319,4306
320,318
320,356
320,296
320,593
320,2858
320,260
320,589
320,480
320,858
320,1270
321,318
321,296
321,2858
321,260
321,858
321,4993
321,1270
321,527
321,2762
321,50
322,593
322,260
322,589
322,1270
322,527
322,1196
322,1198
322,1214
322,7153
322,5952
323,593
323,2858
323,589
323,858
323,4993
323,1270
323,2762
323,4306
323,608
323,380
324,318
324,356
324,296
324,593
324,2858
324,260
324,589
324,480
324,1270
324,4993
325,2858
325,260
325,589
325,480
325,527
325,50
325,4306
325,608
325,2571
325,1198
326,260
326,589
326,480
326,858
326,1270
326,2762
326,4306
326,1196
326,608
326,1198
327,296
327,593
327,2858
327,260
327,589
327,480
327,4993
327,1270
327,2762
327,527
328,2858
328,593
328,4993
328,1214
328,380
328,2628
328,344
328,780
328,4226
328,4886
329,356
329,296
329,2858
329,260
329,589
329,480
329,4993
329,1270
329,527
329,2762
330,527
330,1036
330,6539
330,2396
330,4995
330,4973
330,5816
330,912
330,1704
330,10
331,356
331,2858
331,260
331,589
331,480
331,2762
331,1270
331,527
331,1196
331,2571
332,260
332,858
332,1198
332,380
332,2628
332,344
332,4886
332,1197
332,500
332,1036
333,318
333,356
333,296
333,593
333,2858
333,260
333,589
333,480
333,858
333,4993
334,2858
334,593
334,858
334,527
334,50
334,608
334,110
334,380
334,2028
334,1089
335,2858
335,260
335,480
335,858
335,4993
335,1270
335,527
335,2762
335,4306
335,608
336,260
336,480
336,4993
336,1270
336,4306
336,608
336,1196
336,1198
336,1214
336,380
337,356
337,296
337,593
337,2858
337,589
337,480
337,858
337,1270
337,527
337,4993
338,356
338,2858
338,260
338,589
338,480
338,4993
338,1270
338,2762
338,4306
338,1196
339,260
339,589
339,1196
339,50
339,2571
339,110
339,380
339,2628
339,344
339,1089
340,593
340,2858
340,260
340,858
340,4993
340,1270
340,2762
340,527
340,50
340,4306
341,318
341,296
341,2858
341,593
341,260
341,589
341,4993
341,858
341,2762
341,527
342,318
342,356
342,296
342,593
342,2858
342,260
342,589
342,480
342,858
342,4993
343,356
343,589
343,480
343,1270
343,2762
343,4306
343,608
343,380
343,110
343,1
344,296
344,593
344,589
344,480
344,858
344,4993
344,527
344,50
344,608
344,1196
345,318
345,356
345,296
345,593
345,260
345,589
345,480
345,858
345,1270
345,4993
346,318
346,356
346,593
346,260
346,589
346,4993
346,1270
346,4306
346,1196
346,2571
347,318
347,296
347,2858
347,593
347,260
347,858
347,4993
347,2762
347,1270
347,527
348,356
348,589
348,480
348,1270
348,2762
348,4306
348,2571
348,1198
348,380
348,110
349,318
349,2858
349,260
349,858
349,1270
349,4993
349,2762
349,50
349,4306
349,608
350,318
350,356
350,296
350,593
350,2858
350,589
350,480
350,4993
350,1270
350,2762
351,318
351,2858
351,260
351,589
351,858
351,1270
351,527
351,50
351,4306
351,1196
352,589
352,480
352,858
352,1270
352,608
352,110
352,380
352,1
352,344
352,1210
353,356
353,2858
353,260
353,589
353,858
353,480
353,4993
353,1270
353,2762
353,527
354,4993
354,608
354,1198
354,7153
354,110
354,5952
354,1
354,4226
354,1197
354,1213
355,318
355,356
355,296
355,593
355,2858
355,260
355,589
355,858
355,4993
355,1270
356,296
356,593
356,260
356,589
356,480
356,858
356,527
356,4306
356,1196
356,608
357,4993
357,2571
357,380
357,1214
357,5952
357,47
357,344
357,4226
357,1036
357,1240
358,318
358,356
358,296
358,593
358,2858
358,260
358,589
358,480
358,858
358,4993
359,318
359,356
359,260
359,858
359,4993
359,2762
359,50
359,608
359,1196
359,1214
360,318
360,356
360,296
360,593
360,2858
360,260
360,589
360,480
360,858
360,4993
361,296
361,480
361,2762
361,1270
361,4306
361,50
361,1196
361,608
361,2571
361,1198
362,2858
362,480
362,2762
362,1270
362,527
362,1198
362,1214
362,380
362,1
362,2028
363,356
363,593
363,2858
363,589
363,480
363,858
363,1270
363,2762
363,527
363,4306
364,318
364,356
364,296
364,593
364,2858
364,589
364,480
364,1270
364,4993
364,527
365,296
365,589
365,480
365,858
365,2762
365,1270
365,527
365,50
365,608
365,1198
366,318
366,356
366,296
366,2858
366,593
366,260
366,480
366,858
366,2762
366,1270
367,296
367,2858
367,589
367,480
367,4993
367,50
367,608
367,2571
367,380
367,110
368,318
368,1270
368,4993
368,4306
368,1
368,7153
368,5952
368,2959
368,344
368,2628
369,318
369,356
369,296
369,593
369,2858
369,589
369,480
369,858
369,4993
369,1270
370,356
370,480
370,858
370,1270
370,527
370,1214
370,110
370,1
370,2028
370,344
371,318
371,356
371,296
371,593
371,2858
371,260
371,589
371,480
371,858
371,1270
372,2858
372,480
372,4993
372,2762
372,4306
372,2571
372,7153
372,2959
372,5952
372,2028
373,2858
373,260
373,858
373,1270
373,4993
373,2762
373,608
373,4306
373,1196
373,1198
374,593
374,2858
374,260
374,589
374,858
374,4993
374,2762
374,1270
374,527
374,4306
375,296
375,593
375,2858
375,260
375,589
375,480
375,858
375,4993
375,1270
375,527
376,318
376,296
376,2858
376,593
376,608
376,50
376,2959
376,2028
376,1
376,47
377,318
377,356
377,296
377,593
377,260
377,589
377,480
377,858
377,1270
377,527
378,356
378,296
378,2858
378,260
378,589
378,480
378,2762
378,1270
378,4306
378,50
379,593
379,2858
379,260
379,858
379,4993
379,1270
379,2762
379,50
379,4306
379,608
380,2858
380,527
380,150
380,4995
380,2396
380,7361
380,4973
380,48516
380,2324
380,912
381,296
381,2858
381,593
381,858
381,527
381,1214
381,110
381,2028
381,1089
381,1213
382,2858
382,589
382,480
382,1270
382,2762
382,4306
382,608
382,380
382,110
382,47
383,318
383,356
383,296
383,593
383,2858
383,260
383,589
383,480
383,858
383,1270
384,318
384,356
384,593
384,2858
384,260
384,589
384,858
384,4993
384,1270
384,527
385,2858
385,527
385,4993
385,2762
385,4306
385,2571
385,110
385,1214
385,7153
385,2959
386,356
386,2858
386,260
386,858
386,4993
386,1270
386,2762
386,527
386,4306
386,1196
387,527
387,4306
387,7153
387,5952
387,1
387,2028
387,2628
387,150
387,4886
387,1580
388,318
388,356
388,296
388,593
388,2858
388,260
388,589
388,480
388,858
388,1270
389,318
389,356
389,296
389,593
389,2858
389,589
389,480
389,858
389,1270
389,4993
390,318
390,356
390,296
390,593
390,260
390,589
390,480
390,858
390,4993
390,1270
391,1198
391,7153
391,5952
391,344
391,588
391,4963
391,316
391,6539
391,364
391,590
392,318
392,356
392,296
392,593
392,260
392,589
392,480
392,858
392,1270
392,4993
393,318
393,356
393,296
393,2858
393,593
393,260
393,480
393,858
393,2762
393,1270
394,318
394,296
394,593
394,2858
394,260
394,589
394,858
394,4993
394,1270
394,527
395,318
395,593
395,2858
395,260
395,858
395,1270
395,4993
395,2762
395,50
395,4306
396,356
396,296
396,593
396,2858
396,260
396,589
396,480
396,858
396,4993
396,1270
397,318
397,356
397,296
397,593
397,2858
397,260
397,589
397,480
397,858
397,1270
398,318
398,356
398,296
398,2858
398,593
398,260
398,589
398,480
398,858
398,4993
399,318
399,858
399,50
399,608
399,1214
399,380
399,47
399,2028
399,2628
399,344
400,2858
400,589
400,480
400,2762
400,527
400,4306
400,1214
400,110
400,380
400,5952
401,318
401,296
401,2858
401,593
401,260
401,589
401,480
401,858
401,2762
401,1270
402,318
402,356
402,2858
402,260
402,858
402,1270
402,4993
402,2762
402,50
402,4306
403,318
403,356
403,593
403,2858
403,260
403,589
403,480
403,858
403,4993
403,1270
404,2858
404,260
404,589
404,858
404,1270
404,4993
404,2762
404,50
404,608
404,4306
405,318
405,356
405,2858
405,593
405,260
405,589
405,480
405,858
405,4993
405,2762
406,318
406,356
406,296
406,593
406,2858
406,260
406,589
406,480
406,858
406,4993
407,318
407,356
407,296
407,593
407,2858
407,589
407,480
407,858
407,1270
407,2762
408,356
408,296
408,2858
408,593
408,589
408,480
408,858
408,2762
408,1270
408,527
409,356
409,589
409,480
409,4993
409,1270
409,527
409,50
409,4306
409,1196
409,2571
410,356
410,589
410,480
410,858
410,4993
410,1270
410,2762
410,50
410,4306
410,1196
411,2858
411,260
411,858
411,1270
411,2762
411,4993
411,608
411,4306
411,1196
411,1198
412,318
412,356
412,296
412,260
412,589
412,480
412,4993
412,527
412,1270
412,50
413,356
413,260
413,589
413,480
413,2762
413,1270
413,4306
413,50
413,1196
413,608
414,2324
414,1258
414,8368
414,19
414,1219
414,1230
414,48385
414,410
414,317
414,70
415,589
415,4993
415,1270
415,527
415,4306
415,1196
415,110
415,1214
415,380
415,7153
416,593
416,589
416,480
416,858
416,4993
416,1270
416,50
416,1198
416,380
416,1214
417,260
417,589
417,480
417,1270
417,527
417,50
417,608
417,1196
417,1214
417,110
418,2858
418,260
418,589
418,480
418,858
418,2762
418,4306
418,1196
418,608
418,2571
419,260
419,589
419,4993
419,1270
419,4306
419,1196
419,608
419,1198
419,1214
419,380
420,593
420,260
420,589
420,858
420,50
420,1196
420,608
420,1198
420,1214
420,110
421,356
421,296
421,260
421,589
421,480
421,858
421,4993
421,1270
421,2762
421,50
422,356
422,296
422,593
422,2858
422,589
422,480
422,4993
422,1270
422,527
422,2762
423,593
423,2858
423,260
423,858
423,4993
423,1270
423,2762
423,527
423,50
423,4306
424,356
424,260
424,480
424,4993
424,1270
424,527
424,4306
424,1196
424,1198
424,1214
425,1270
425,1
425,1197
425,1213
425,1193
425,2396
425,3793
425,1732
425,2324
425,48516
426,2858
426,593
426,260
426,589
426,858
426,2762
426,1270
426,527
426,50
426,608
427,318
427,356
427,593
427,2858
427,260
427,589
427,480
427,858
427,1270
427,2762
428,318
428,858
428,1270
428,527
428,50
428,608
428,1198
428,1
428,47
428,1197
429,318
429,356
429,296
429,593
429,2858
429,260
429,589
429,480
429,858
429,1270
430,296
430,593
430,260
430,589
430,480
430,4993
430,1270
430,527
430,50
430,608
431,318
431,356
431,296
431,593
431,2858
431,260
431,589
431,480
431,858
431,4993
432,1270
432,608
432,1198
432,380
432,2028
432,1089
432,150
432,1213
432,1197
432,1136
433,356
433,2858
433,260
433,589
433,480
433,858
433,4993
433,1270
433,2762
433,4306
434,50
434,1198
434,6539
434,1682
434,457
434,2396
434,4973
434,592
434,5816
434,364
435,356
435,296
435,2858
435,593
435,260
435,589
435,480
435,4993
435,2762
435,1270
436,296
436,2858
436,260
436,858
436,1270
436,4993
436,2762
436,50
436,4306
436,608
437,593
437,2858
437,589
437,480
437,858
437,2762
437,4993
437,4306
437,1196
437,380
438,296
438,2858
438,593
438,858
438,50
438,608
438,1198
438,1214
438,47
438,1089
439,296
439,593
439,2858
439,260
439,480
439,858
439,1270
439,2762
439,50
439,4306
440,318
440,356
440,296
440,593
440,2858
440,260
440,589
440,480
440,858
440,4993
441,318
441,356
441,2858
441,480
441,858
441,2762
441,1270
441,50
441,608
441,1214
442,318
442,356
442,296
442,593
442,2858
442,260
442,589
442,480
442,858
442,1270
443,589
443,480
443,858
443,1270
443,527
443,50
443,4306
443,1196
443,1198
443,1214
444,2858
444,260
444,858
444,4993
444,1270
444,2762
444,4306
444,608
444,1196
444,1198
445,318
445,2858
445,589
445,480
445,858
445,1270
445,4306
445,50
445,1196
445,1198
446,318
446,2858
446,260
446,858
446,1270
446,4993
446,2762
446,608
446,4306
446,1196
447,2858
447,260
447,858
447,527
447,4993
447,1270
447,2762
447,50
447,4306
447,608
448,318
448,4306
448,527
448,110
448,2028
448,1197
448,588
448,4995
448,7361
448,2396
449,356
449,296
449,593
449,260
449,589
449,480
449,858
449,4993
449,1270
449,2762
450,318
450,356
450,296
450,593
450,480
450,858
450,4993
450,1270
450,527
450,2762
451,318
451,356
451,296
451,2858
451,260
451,589
451,480
451,858
451,4993
451,1270
452,318
452,296
452,593
452,4993
452,4306
452,50
452,2959
452,7153
452,5952
452,1
453,1270
453,1198
453,1214
453,7153
453,5952
453,150
453,1197
453,4886
453,1213
453,500
454,318
454,356
454,593
454,260
454,589
454,480
454,858
454,4993
454,1270
454,527
455,296
455,2858
455,260
455,858
455,4993
455,2762
455,1270
455,4306
455,608
455,1196
456,318
456,356
456,296
456,593
456,2858
456,589
456,480
456,858
456,1270
456,4993
457,318
457,356
457,296
457,593
457,589
457,858
457,4993
457,527
457,50
457,4306
458,318
458,593
458,2858
458,260
458,858
458,1270
458,4993
458,527
458,2762
458,50
459,318
459,356
459,296
459,593
459,2858
459,589
459,480
459,858
459,4993
459,1270
460,296
460,593
460,2858
460,260
460,589
460,480
460,858
460,1270
460,527
460,50
461,296
461,2858
461,589
461,858
461,4993
461,1270
461,50
461,4306
461,608
461,1196
462,480
462,4306
462,380
462,110
462,344
462,150
462,780
462,1197
462,4226
462,588
463,318
463,593
463,2858
463,260
463,589
463,480
463,858
463,4993
463,1270
463,2762
464,1270
464,4306
464,50
464,608
464,1198
464,1214
464,1
464,2628
464,1089
464,150
465,318
465,296
465,2858
465,260
465,589
465,480
465,858
465,1270
465,4993
465,50
466,296
466,2858
466,593
466,589
466,480
466,858
466,2762
466,1270
466,527
466,50
467,318
467,356
467,296
467,2858
467,260
467,589
467,480
467,858
467,4993
467,1270
468,356
468,593
468,2858
468,260
468,589
468,480
468,858
468,4993
468,1270
468,2762
469,356
469,4993
469,4306
469,2959
469,7153
469,5952
469,344
469,150
469,4886
469,3578
470,593
470,2858
470,260
470,858
470,4993
470,1270
470,2762
470,4306
470,1196
470,1198
471,318
471,593
471,2858
471,260
471,589
471,480
471,858
471,4993
471,1270
471,2762
472,356
472,296
472,593
472,2858
472,260
472,589
472,480
472,1270
472,2762
472,527
473,356
473,296
473,593
473,2858
473,260
473,589
473,480
473,858
473,1270
473,4993
474,208
474,231
474,10
474,79132
474,58559
474,165
474,253
474,1527
474,49272
474,288
475,318
475,356
475,296
475,2858
475,593
475,480
475,858
475,2762
475,527
475,50
476,593
476,2858
476,260
476,858
476,1270
476,527
476,4993
476,2762
476,50
476,608
477,858
477,50
477,2959
477,110
477,380
477,1197
477,1213
477,4886
477,3578
477,1200
478,318
478,356
478,296
478,593
478,2858
478,260
478,589
478,480
478,858
478,4993
479,318
479,356
479,296
479,2858
479,589
479,480
479,1270
479,4993
479,527
479,2762
480,912
480,58559
480,79132
480,5445
480,1617
480,2791
480,750
480,72998
480,1356
480,3175
481,318
481,356
481,296
481,593
481,2858
481,260
481,589
481,480
481,858
481,1270
482,318
482,356
482,296
482,593
482,2858
482,260
482,589
482,480
482,858
482,4993
483,593
483,1089
483,1213
483,316
483,590
483,541
483,736
483,34
483,1206
483,1222
484,296
484,593
484,260
484,589
484,4993
484,858
484,1270
484,527
484,4306
484,50
485,318
485,296
485,2858
485,260
485,589
485,480
485,858
485,4993
485,1270
485,527
486,2858
486,260
486,858
486,4993
486,1270
486,2762
486,527
486,50
486,4306
486,608
487,356
487,296
487,2858
487,589
487,480
487,858
487,1270
487,2762
487,527
487,50
488,356
488,296
488,2858
488,260
488,589
488,480
488,858
488,1270
488,50
488,1196
489,318
489,260
489,858
489,527
489,50
489,1196
489,1
489,1210
489,1197
489,4886
490,318
490,2858
490,260
490,589
490,480
490,858
490,1270
490,2762
490,527
490,50
491,318
491,296
491,2858
491,593
491,260
491,589
491,480
491,858
491,4993
491,2762
492,318
492,356
492,296
492,593
492,2858
492,589
492,480
492,1270
492,527
492,4993
493,318
493,356
493,296
493,593
493,2858
493,480
493,4993
493,1270
493,2762
493,527
494,318
494,356
494,296
494,593
494,2858
494,4993
494,1270
494,2762
494,527
494,50
495,296
495,2858
495,593
495,260
495,589
495,480
495,1270
495,4306
495,1196
495,608
496,318
496,356
496,296
496,593
496,2858
496,260
496,589
496,480
496,1270
496,527
497,356
497,296
497,589
497,480
497,1270
497,527
497,4306
497,1196
497,1214
497,380
498,593
498,2858
498,260
498,589
498,858
498,4993
498,1270
498,2762
498,527
498,50
499,318
499,356
499,296
499,593
499,2858
499,260
499,589
499,480
499,858
499,1270
500,318
500,296
500,593
500,589
500,858
500,4993
500,1270
500,527
500,2762
500,50
501,318
501,356
501,296
501,593
501,2858
501,260
501,589
501,480
501,858
501,1270
502,356
502,296
502,593
502,2858
502,260
502,589
502,480
502,858
502,4993
502,1270
503,260
503,589
503,4993
503,1270
503,50
503,4306
503,1196
503,1198
503,380
503,110
504,318
504,356
504,593
504,2858
504,260
504,589
504,480
504,858
504,527
504,1270
505,318
505,356
505,296
505,2858
505,260
505,589
505,480
505,858
505,4993
505,1270
506,318
506,356
506,296
506,593
506,2858
506,260
506,589
506,480
506,858
506,4993
507,318
507,296
507,2858
507,260
507,858
507,4993
507,1270
507,2762
507,527
507,50
508,318
508,356
508,296
508,593
508,2858
508,260
508,589
508,480
508,858
508,4993
509,318
509,356
509,2858
509,593
509,589
509,480
509,858
509,1270
509,527
509,50
510,318
510,356
510,296
510,2858
510,260
510,589
510,1270
510,4306
510,608
510,2571
511,296
511,593
511,2858
511,260
511,589
511,480
511,858
511,1270
511,2762
511,50
512,2858
512,260
512,858
512,4993
512,2762
512,1270
512,4306
512,608
512,1196
512,1198
513,356
513,589
513,480
513,858
513,4993
513,1270
513,2762
513,527
513,50
513,608
514,318
514,858
514,527
514,50
514,110
514,380
514,2628
514,344
514,780
514,4886
515,296
515,593
515,2858
515,589
515,480
515,858
515,4993
515,1270
515,2762
515,4306
516,318
516,356
516,296
516,593
516,2858
516,589
516,858
516,4993
516,1270
516,527
517,296
517,589
517,858
517,4993
517,2762
517,50
517,608
517,1196
517,1198
517,380
518,318
518,356
518,296
518,593
518,2858
518,260
518,589
518,480
518,858
518,4993
519,296
519,593
519,2858
519,260
519,589
519,480
519,858
519,4993
519,1270
519,2762
520,296
520,2858
520,593
520,260
520,480
520,2762
520,527
520,50
520,608
520,1196
521,318
521,356
521,296
521,593
521,2858
521,260
521,589
521,480
521,858
521,1270
522,593
522,589
522,2762
522,527
522,4306
522,380
522,47
522,344
522,150
522,4886
523,296
523,593
523,2858
523,260
523,589
523,480
523,858
523,2762
523,1270
523,4306
524,356
524,296
524,2858
524,858
524,4993
524,2762
524,527
524,4306
524,608
524,2571
525,296
525,589
525,4993
525,858
525,2762
525,1214
525,7153
525,5952
525,110
525,2028
526,356
526,260
526,589
526,480
526,858
526,4993
526,1270
526,2762
526,527
526,50
527,318
527,356
527,296
527,2858
527,589
527,858
527,4993
527,2762
527,50
527,4306
528,318
528,260
528,480
528,858
528,4993
528,2762
528,1270
528,527
528,50
528,4306
529,318
529,356
529,296
529,593
529,2858
529,589
529,480
529,858
529,4993
529,1270
530,318
530,296
530,2858
530,260
530,589
530,858
530,4993
530,1270
530,527
530,2762
531,318
531,356
531,296
531,2858
531,589
531,858
531,1270
531,2762
531,527
531,50
532,356
532,296
532,260
532,4993
532,1270
532,2762
532,50
532,4306
532,1196
532,380
533,318
533,296
533,2858
533,593
533,260
533,589
533,480
533,4993
533,858
533,2762
534,318
534,296
534,589
534,858
534,527
534,50
534,1214
534,608
534,2959
534,110
535,318
535,356
535,296
535,593
535,260
535,589
535,480
535,858
535,4993
535,1270
536,318
536,296
536,2858
536,260
536,858
536,1270
536,4993
536,2762
536,50
536,4306
537,356
537,296
537,593
537,2858
537,260
537,589
537,480
537,858
537,2762
537,1270
538,318
538,356
538,296
538,593
538,2858
538,260
538,589
538,480
538,858
538,4993
539,356
539,296
539,593
539,2858
539,260
539,589
539,480
539,858
539,4993
539,1270
540,318
540,356
540,593
540,2858
540,480
540,858
540,1270
540,2762
540,527
540,50
541,296
541,2858
541,260
541,858
541,1270
541,527
541,4993
541,2762
541,4306
541,1196
542,593
542,260
542,589
542,480
542,858
542,4993
542,2762
542,527
542,1270
542,608
543,318
543,296
543,593
543,260
543,589
543,858
543,480
543,4993
543,527
543,4306
544,318
544,356
544,296
544,593
544,2858
544,260
544,589
544,480
544,858
544,1270
545,318
545,356
545,296
545,593
545,2858
545,260
545,589
545,480
545,858
545,4993
546,318
546,356
546,296
546,593
546,260
546,858
546,4993
546,527
546,2762
546,50
547,318
547,356
547,296
547,593
547,260
547,589
547,480
547,858
547,4993
547,1270
548,318
548,296
548,593
548,2858
548,589
548,480
548,858
548,4993
548,1270
548,2762
549,356
549,296
549,593
549,2858
549,480
549,858
549,4993
549,1270
549,2762
549,50
550,296
550,593
550,2858
550,260
550,589
550,480
550,858
550,4993
550,1270
550,2762
551,2858
551,480
551,858
551,527
551,50
551,1196
551,608
551,1198
551,1214
551,380
552,318
552,2858
552,593
552,260
552,589
552,480
552,858
552,4993
552,1270
552,50
553,318
553,356
553,593
553,260
553,589
553,480
553,4993
553,2762
553,1270
553,527
554,318
554,356
554,296
554,260
554,589
554,480
554,1270
554,4993
554,2762
554,50
555,858
555,527
555,4993
555,4306
555,7153
555,5952
555,47
555,3578
555,4886
555,4226
556,318
556,356
556,296
556,593
556,2858
556,260
556,589
556,480
556,858
556,1270
557,356
557,296
557,593
557,2858
557,589
557,480
557,858
557,4993
557,1270
557,2762
558,318
558,356
558,2858
558,260
558,589
558,858
558,480
558,1270
558,2762
558,527
559,593
559,2858
559,858
559,1270
559,527
559,4993
559,2762
559,50
559,4306
559,1196
560,318
560,480
560,858
560,1270
560,527
560,4886
560,1197
560,1213
560,1036
560,1240
561,858
561,4306
561,344
561,150
561,4226
561,500
561,1136
561,1193
561,588
561,2396
562,260
562,480
562,858
562,4993
562,1270
562,608
562,1198
562,380
562,7153
562,5952
563,318
563,296
563,593
563,2858
563,260
563,589
563,480
563,4993
563,858
563,2762
564,296
564,2858
564,593
564,260
564,589
564,4993
564,858
564,480
564,2762
564,4306
565,593
565,2858
565,260
565,589
565,480
565,858
565,4993
565,1270
565,2762
565,4306
566,593
566,2858
566,260
566,589
566,858
566,1270
566,4993
566,2762
566,608
566,4306
567,318
567,296
567,2858
567,593
567,589
567,858
567,1270
567,2762
567,527
567,4306
568,318
568,2858
568,260
568,589
568,858
568,1270
568,4993
568,527
568,2762
568,4306
569,318
569,593
569,2858
569,260
569,589
569,858
569,4993
569,1270
569,2762
569,527
570,296
570,593
570,480
570,50
570,5952
570,1089
570,344
570,1213
570,500
570,1136
571,318
571,356
571,296
571,593
571,2858
571,260
571,589
571,480
571,858
571,527
572,296
572,2858
572,589
572,1270
572,4993
572,2762
572,50
572,4306
572,2571
572,380
573,527
573,608
573,344
573,4963
573,1682
573,32
573,2396
573,4995
573,1732
573,4973
574,356
574,2858
574,260
574,589
574,480
574,858
574,4993
574,1270
574,2762
574,527
575,318
575,356
575,593
575,2858
575,260
575,589
575,480
575,858
575,1270
575,4993
576,318
576,356
576,296
576,593
576,2858
576,260
576,589
576,480
576,858
576,4993
577,296
577,2858
577,589
577,4993
577,2762
577,50
577,4306
577,2571
577,7153
577,2959
578,318
578,356
578,296
578,593
578,2858
578,260
578,589
578,480
578,858
578,1270
579,318
579,296
579,593
579,2858
579,260
579,589
579,858
579,4993
579,1270
579,50
580,380
580,344
580,150
580,1197
580,4886
580,500
580,648
580,2396
580,2324
580,4896
581,296
581,593
581,2858
581,260
581,589
581,480
581,858
581,1270
581,50
581,608
582,318
582,356
582,296
582,2858
582,589
582,480
582,858
582,2762
582,1270
582,527
583,318
583,2858
583,260
583,589
583,480
583,4993
583,858
583,2762
583,1270
583,527
584,318
584,2858
584,260
584,858
584,4993
584,527
584,2762
584,1270
584,50
584,4306
585,318
585,356
585,593
585,260
585,589
585,480
585,4993
585,2762
585,1270
585,527
586,356
586,296
586,2858
586,593
586,480
586,4306
586,50
586,608
586,1214
586,2959
587,318
587,593
587,260
587,589
587,480
587,858
587,527
587,4993
587,2762
587,4306
588,2858
588,260
588,858
588,4993
588,1270
588,2762
588,4306
588,608
588,1196
588,1198
589,2858
589,260
589,589
589,480
589,858
589,4993
589,1270
589,2762
589,50
589,4306
590,4886
590,1682
590,7361
590,316
590,4973
590,34
590,1704
590,208
590,79132
590,1222
591,318
591,296
591,2858
591,593
591,589
591,480
591,858
591,4993
591,1270
591,527
592,2858
592,260
592,858
592,4993
592,1270
592,527
592,2762
592,50
592,4306
592,608
593,296
593,589
593,480
593,2762
593,1270
593,1198
593,1214
593,380
593,2028
593,1
594,318
594,356
594,296
594,2858
594,260
594,1270
594,4993
594,527
594,50
594,4306
595,318
595,356
595,296
595,593
595,2858
595,260
595,589
595,480
595,858
595,1270
596,318
596,296
596,2858
596,480
596,608
596,110
596,380
596,2028
596,47
596,1089
597,318
597,296
597,593
597,527
597,4993
597,608
597,4306
597,2571
597,7153
597,2959
598,318
598,356
598,296
598,2858
598,260
598,589
598,480
598,858
598,4993
598,1270
599,527
599,1193
599,590
599,6377
599,34
599,2324
599,3114
599,5218
599,339
599,8360
600,50
600,2028
600,1089
600,3578
600,1580
600,1193
600,316
600,6539
600,2396
600,590
601,356
601,296
601,2858
601,593
601,260
601,589
601,480
601,1270
601,1196
601,608
602,2858
602,858
602,1270
602,4993
602,2762
602,4306
602,1196
602,1198
602,1214
602,2571
603,318
603,480
603,589
603,50
603,4993
603,4306
603,7153
603,5952
603,47
603,150
604,318
604,356
604,2858
604,260
604,589
604,480
604,858
604,1270
604,527
604,4993
605,318
605,593
605,2858
605,858
605,2762
605,527
605,50
605,1196
605,608
605,2571
606,608
606,380
606,150
606,344
606,1197
606,1213
606,588
606,1036
606,457
606,316
607,356
607,4993
607,4306
607,50
607,1198
607,7153
607,2959
607,5952
607,47
607,1089
608,1198
608,1197
608,2396
608,4973
608,48516
608,2324
608,33794
608,912
608,58559
608,79132
609,593
609,2858
609,260
609,858
609,4993
609,1270
609,527
609,2762
609,50
609,4306
610,150
610,500
610,588
610,1580
610,648
610,316
610,4995
610,1193
610,2396
610,364
